machine_code,machine_type,status,site,operator,fuel,engine_hours,idle_hours,rental_end
EQX1001,Excavator,ACTIVE,S001,R001,78,145.5,1.2,2026-09-10
EQX1002,Excavator,ACTIVE,S001,R002,82,120.5,2.1,2026-09-12
EQX1003,Bulldozer,ACTIVE,S002,R003,75,180.5,0.5,2026-09-15
EQX1004,Excavator,ACTIVE,S003,R004,65,95.0,4.0,2026-09-08
EQX1005,Bulldozer,ACTIVE,S004,R001,88,220.0,1.0,2026-09-20
EQX1006,Grader,ACTIVE,S001,R002,72,155.0,6.0,2026-09-14
EQX1007,Excavator,ACTIVE,S001,,62,210.0,12.0,2026-09-02
EQX1008,Loader,ACTIVE,S003,R003,91,75.0,0.8,2026-09-18
EQX1009,Excavator,IDLE,S004,,55,190.0,18.0,2026-09-05
EQX1010,Bulldozer,ACTIVE,S002,R004,80,205.0,2.0,2026-09-25
LDR2001,Loader,ACTIVE,S005,R001,84,110.0,1.5,2026-09-22
LDR2002,Loader,IDLE,S001,,48,165.0,20.0,2026-09-06
DZR3001,Dozer,ACTIVE,S002,R002,77,250.0,3.0,2026-09-30
DZR3002,Dozer,ACTIVE,S004,R003,69,130.0,5.0,2026-09-11
GRD4001,Grader,ACTIVE,S005,R004,86,140.0,1.2,2026-09-19
GRD4002,Grader,IDLE,S003,,51,175.0,15.0,2026-09-07