machine_code,machine_type,status,site,operator,fuel,engine_hours,idle_hours,latitude,longitude,rental_end,timestamp
EQX1001,Excavator,ACTIVE,S001,R001,77.81,145.53,1.23,12.970447,77.643405,2026-09-10,2026-09-01T14:57:18
EQX1002,Excavator,ACTIVE,S001,R002,81.58,120.54,2.13,12.968267,77.632041,2026-09-12,2026-09-01T14:57:20
EQX1003,Bulldozer,ACTIVE,S002,R003,75.07,180.54,0.52,12.978786,77.641263,2026-09-15,2026-09-01T14:57:22
EQX1004,Excavator,ACTIVE,S003,R004,64.7,95.02,4.03,12.966895,77.643089,2026-09-08,2026-09-01T14:57:24
EQX1005,Bulldozer,ACTIVE,S004,R001,88.0,220.04,1.04,12.978701,77.649387,2026-09-20,2026-09-01T14:57:26
EQX1006,Grader,ACTIVE,S001,R002,71.67,155.02,6.03,12.968499,77.645023,2026-09-14,2026-09-01T14:57:28
EQX1007,Excavator,ACTIVE,S001,,61.54,210.02,12.02,12.97225,77.639339,2026-09-02,2026-09-01T14:57:30
EQX1008,Loader,ACTIVE,S003,R003,90.94,75.01,0.83,12.973255,77.637688,2026-09-18,2026-09-01T14:57:32
EQX1009,Excavator,IDLE,S004,,54.63,190.04,18.01,12.973217,77.64733,2026-09-05,2026-09-01T14:57:34
EQX1010,Bulldozer,ACTIVE,S002,R004,80.18,205.01,2.03,12.96389,77.64211,2026-09-25,2026-09-01T14:57:36
LDR2001,Loader,ACTIVE,S005,R001,84.1,110.04,1.5,12.963697,77.648057,2026-09-22,2026-09-01T14:57:38
LDR2002,Loader,IDLE,S001,,47.96,165.04,20.0,12.963589,77.650088,2026-09-06,2026-09-01T14:57:40
DZR3001,Dozer,ACTIVE,S002,R002,76.86,250.02,3.01,12.974112,77.650846,2026-09-30,2026-09-01T14:57:42
DZR3002,Dozer,ACTIVE,S004,R003,68.78,130.03,5.04,12.979068,77.637883,2026-09-11,2026-09-01T14:57:44
GRD4001,Grader,ACTIVE,S005,R004,86.04,140.02,1.22,12.981307,77.637815,2026-09-19,2026-09-01T14:57:46
GRD4002,Grader,IDLE,S003,,50.89,175.03,15.03,12.97139,77.635892,2026-09-07,2026-09-01T14:57:48
EQX1001,Excavator,ACTIVE,S001,R001,77.94,145.53,1.24,12.966342,77.648593,2026-09-10,2026-09-01T14:57:50
EQX1002,Excavator,ACTIVE,S001,R002,81.77,120.52,2.14,12.96482,77.648905,2026-09-12,2026-09-01T14:57:52
EQX1003,Bulldozer,ACTIVE,S002,R003,74.91,180.53,0.54,12.973703,77.634498,2026-09-15,2026-09-01T14:57:54
EQX1004,Excavator,ACTIVE,S003,R004,65.1,95.04,4.0,12.966458,77.643167,2026-09-08,2026-09-01T14:57:56
EQX1005,Bulldozer,ACTIVE,S004,R001,87.77,220.04,1.04,12.974101,77.646934,2026-09-20,2026-09-01T14:57:58
EQX1006,Grader,ACTIVE,S001,R002,71.75,155.02,6.03,12.968252,77.650158,2026-09-14,2026-09-01T14:58:00
EQX1007,Excavator,ACTIVE,S001,,61.93,210.03,12.02,12.965603,77.641314,2026-09-02,2026-09-01T14:58:02
EQX1008,Loader,ACTIVE,S003,R003,91.12,75.04,0.83,12.974302,77.636028,2026-09-18,2026-09-01T14:58:04
EQX1009,Excavator,IDLE,S004,,54.66,190.01,18.04,12.981592,77.642392,2026-09-05,2026-09-01T14:58:06
EQX1001,Excavator,ACTIVE,S001,R001,78.05,145.53,1.23,12.972258,77.643119,2026-09-10,2026-09-01T15:02:46
EQX1002,Excavator,ACTIVE,S001,R002,81.61,120.51,2.13,12.968434,77.645952,2026-09-12,2026-09-01T15:02:48
EQX1003,Bulldozer,ACTIVE,S002,R003,75.05,180.53,0.54,12.96247,77.648695,2026-09-15,2026-09-01T15:02:50
EQX1004,Excavator,ACTIVE,S003,R004,64.58,95.01,4.01,12.97723,77.640934,2026-09-08,2026-09-01T15:02:52
EQX1005,Bulldozer,ACTIVE,S004,R001,87.67,220.03,1.02,12.969199,77.643668,2026-09-20,2026-09-01T15:02:54
EQX1006,Grader,ACTIVE,S001,R002,71.59,155.04,6.05,12.979638,77.648424,2026-09-14,2026-09-01T15:02:56
EQX1007,Excavator,ACTIVE,S001,,61.61,210.04,12.03,12.981527,77.647624,2026-09-02,2026-09-01T15:02:58
